{
    "index_1": {
        "3_S1": {
            "D1": 0.013157894736842105,
            "D2": 0.0
        },
        "3_S2": {
            "D1": 0.3157894736842105,
            "D2": 0.0
        }
    }
}